"Item1","Item2","weight"
"Afternoon with the baker","Argentina Night",2
"Afternoon with the baker","Bread",4
"Afternoon with the baker","Brownie",2
"Afternoon with the baker","Cake",1
"Afternoon with the baker","Coffee",4
"Afternoon with the baker","Cookies",2
"Afternoon with the baker","Duck egg",1
"Afternoon with the baker","Extra Salami or Feta",1
"Afternoon with the baker","Granola",1
"Afternoon with the baker","Hot chocolate",1
"Afternoon with the baker","Juice",2
"Afternoon with the baker","Scandinavian",1
"Afternoon with the baker","Smoothies",1
"Afternoon with the baker","Soup",1
"Afternoon with the baker","Spanish Brunch",2
"Afternoon with the baker","Tea",3
"Afternoon with the baker","The Nomad",1
"Afternoon with the baker","Truffles",1
"Alfajores","Art Tray",3
"Alfajores","Baguette",5
"Alfajores","Bakewell",2
"Alfajores","Bread",121
"Alfajores","Brioche and salami",1
"Alfajores","Brownie",27
"Alfajores","Cake",44
"Alfajores","Chicken Stew",3
"Alfajores","Chocolates",1
"Alfajores","Coffee",268
"Alfajores","Coke",7
"Alfajores","Cookies",27
"Alfajores","Crepes",3
"Alfajores","Crisps",1
"Alfajores","Dulce de Leche",3
"Alfajores","Eggs",1
"Alfajores","Ella's Kitchen Pouches",1
"Alfajores","Empanadas",1
"Alfajores","Farm House",4
"Alfajores","Focaccia",4
"Alfajores","Frittata",2
"Alfajores","Fudge",8
"Alfajores","Hearty & Seasonal",8
"Alfajores","Hot chocolate",39
"Alfajores","Jam",2
"Alfajores","Jammie Dodgers",4
"Alfajores","Juice",30
"Alfajores","Keeping It Local",1
"Alfajores","Medialuna",33
"Alfajores","Mineral water",12
"Alfajores","Muffin",17
"Alfajores","My-5 Fruit Shoot",2
"Alfajores","Pastry",37
"Alfajores","Pick and Mix Bowls",1
"Alfajores","Salad",3
"Alfajores","Sandwich",42
"Alfajores","Scandinavian",15
"Alfajores","Scone",14
"Alfajores","Smoothies",4
"Alfajores","Soup",7
"Alfajores","Spanish Brunch",10
"Alfajores","Tacos/Fajita",1
"Alfajores","Tartine",1
"Alfajores","Tea",73
"Alfajores","The Nomad",1
"Alfajores","Tiffin",8
"Alfajores","Toast",6
"Alfajores","Truffles",11
"Alfajores","Vegan mincepie",3
"Alfajores","Victorian Sponge",1
"Argentina Night","Afternoon with the baker",2
"Argentina Night","Bread",1
"Argentina Night","Granola",1
"Argentina Night","Sandwich",1
"Argentina Night","Tea",2
"Argentina Night","Vegan Feast",1
"Art Tray","Alfajores",3
"Art Tray","Bacon",1
"Art Tray","Baguette",1
"Art Tray","Bakewell",1
"Art Tray","Bare Popcorn",1
"Art Tray","Bread",6
"Art Tray","Brownie",4
"Art Tray","Cake",3
"Art Tray","Chicken Stew",2
"Art Tray","Coffee",37
"Art Tray","Coke",1
"Art Tray","Cookies",4
"Art Tray","Frittata",2
"Art Tray","Hack the stack",2
"Art Tray","Hearty & Seasonal",4
"Art Tray","Hot chocolate",7
"Art Tray","Jammie Dodgers",1
"Art Tray","Juice",8
"Art Tray","Keeping It Local",1
"Art Tray","Medialuna",1
"Art Tray","Muffin",3
"Art Tray","My-5 Fruit Shoot",2
"Art Tray","Panatone",1
"Art Tray","Pastry",2
"Art Tray","Salad",3
"Art Tray","Sandwich",8
"Art Tray","Scone",1
"Art Tray","Soup",7
"Art Tray","Spanish Brunch",4
"Art Tray","Tartine",1
"Art Tray","Tea",13
"Art Tray","The Nomad",1
"Art Tray","Toast",2
"Art Tray","Truffles",2
"Bacon","Art Tray",1
"Bacon","Coffee",2
"Bacon","Juice",1
"Baguette","Alfajores",5
"Baguette","Art Tray",1
"Baguette","Bakewell",2
"Baguette","Bread",27
"Baguette","Brownie",6
"Baguette","Cake",9
"Baguette","Christmas common",1
"Baguette","Coffee",37
"Baguette","Coke",1
"Baguette","Cookies",10
"Baguette","Extra Salami or Feta",1
"Baguette","Farm House",6
"Baguette","Fudge",1
"Baguette","Hot chocolate",5
"Baguette","Juice",3
"Baguette","Medialuna",7
"Baguette","Muffin",3
"Baguette","Pastry",8
"Baguette","Salad",4
"Baguette","Sandwich",3
"Baguette","Scandinavian",9
"Baguette","Scone",4
"Baguette","Spanish Brunch",3
"Baguette","Tea",3
"Baguette","Toast",4
"Baguette","Truffles",3
"Baguette","Vegan mincepie",1
"Bakewell","Alfajores",2
"Bakewell","Art Tray",1
"Bakewell","Baguette",2
"Bakewell","Bread",11
"Bakewell","Brownie",2
"Bakewell","Cake",8
"Bakewell","Chicken Stew",1
"Bakewell","Coffee",37
"Bakewell","Coke",1
"Bakewell","Cookies",4
"Bakewell","Farm House",1
"Bakewell","Hot chocolate",3
"Bakewell","Jammie Dodgers",2
"Bakewell","Juice",6
"Bakewell","Lemon and coconut",1
"Bakewell","Medialuna",2
"Bakewell","Mineral water",1
"Bakewell","Muffin",1
"Bakewell","Pastry",3
"Bakewell","Salad",1
"Bakewell","Sandwich",5
"Bakewell","Scone",1
"Bakewell","Smoothies",1
"Bakewell","Soup",2
"Bakewell","Spanish Brunch",1
"Bakewell","Tea",13
"Bakewell","Toast",3
"Bakewell","Truffles",1
"Bare Popcorn","Art Tray",1
"Bare Popcorn","Brownie",1
"Bare Popcorn","Cake",1
"Bare Popcorn","Coffee",5
"Bare Popcorn","Cookies",2
"Bare Popcorn","Crisps",1
"Bare Popcorn","Ella's Kitchen Pouches",1
"Bare Popcorn","Extra Salami or Feta",1
"Bare Popcorn","Farm House",1
"Bare Popcorn","Hot chocolate",1
"Bare Popcorn","Juice",2
"Bare Popcorn","Muffin",1
"Bare Popcorn","Panatone",1
"Bare Popcorn","Salad",1
"Bare Popcorn","Sandwich",1
"Bare Popcorn","Spanish Brunch",1
"Basket","Bread",2
"Basket","Coffee",5
"Basket","Farm House",1
"Basket","Hot chocolate",2
"Bowl Nic Pitt","Brownie",1
"Bowl Nic Pitt","Coffee",2
"Bowl Nic Pitt","Frittata",1
"Bowl Nic Pitt","Hearty & Seasonal",1
"Bowl Nic Pitt","Muffin",1
"Bowl Nic Pitt","Soup",1
"Bread","Afternoon with the baker",4
"Bread","Alfajores",121
"Bread","Argentina Night",1
"Bread","Art Tray",6
"Bread","Baguette",27
"Bread","Bakewell",11
"Bread","Basket",2
"Bread","Brioche and salami",2
"Bread","Brownie",115
"Bread","Cake",255
"Bread","Caramel bites",1
"Bread","Chicken Stew",29
"Bread","Chocolates",2
"Bread","Christmas common",4
"Bread","Coffee",1081
"Bread","Coke",20
"Bread","Cookies",149
"Bread","Crepes",1
"Bread","Crisps",4
"Bread","Drinking chocolate spoons",6
"Bread","Duck egg",2
"Bread","Dulce de Leche",4
"Bread","Eggs",16
"Bread","Ella's Kitchen Pouches",5
"Bread","Empanadas",3
"Bread","Extra Salami or Feta",11
"Bread","Farm House",51
"Bread","Focaccia",19
"Bread","Frittata",27
"Bread","Fudge",38
"Bread","Gift voucher",1
"Bread","Gingerbread syrup",1
"Bread","Granola",9
"Bread","Hearty & Seasonal",30
"Bread","Honey",2
"Bread","Hot chocolate",147
"Bread","Jam",51
"Bread","Jammie Dodgers",49
"Bread","Juice",76
"Bread","Keeping It Local",23
"Bread","Kids biscuit",2
"Bread","Lemon and coconut",3
"Bread","Medialuna",174
"Bread","Mineral water",35
"Bread","Muesli",3
"Bread","Muffin",81
"Bread","My-5 Fruit Shoot",6
"Bread","Nomad bag",6
"Bread","Olum & polenta",1
"Bread","Panatone",1
"Bread","Pastry",313
"Bread","Pick and Mix Bowls",1
"Bread","Raspberry shortbread sandwich",1
"Bread","Salad",20
"Bread","Sandwich",200
"Bread","Scandinavian",66
"Bread","Scone",97
"Bread","Smoothies",26
"Bread","Soup",78
"Bread","Spanish Brunch",49
"Bread","Spread",1
"Bread","Tacos/Fajita",3
"Bread","Tartine",8
"Bread","Tea",304
"Bread","The BART",1
"Bread","The Nomad",20
"Bread","Tiffin",52
"Bread","Toast",77
"Bread","Truffles",51
"Bread","Tshirt",1
"Bread","Vegan Feast",1
"Bread","Vegan mincepie",17
"Bread","Victorian Sponge",2
"Bread Pudding","Coffee",4
"Bread Pudding","Fudge",1
"Bread Pudding","Jam",1
"Bread Pudding","Sandwich",1
"Bread Pudding","Soup",1
"Brioche and salami","Alfajores",1
"Brioche and salami","Bread",2
"Brioche and salami","Cake",1
"Brioche and salami","Coffee",2
"Brioche and salami","Scone",1
"Brioche and salami","Tea",2
"Brownie","Afternoon with the baker",2
"Brownie","Alfajores",27
"Brownie","Art Tray",4
"Brownie","Baguette",6
"Brownie","Bakewell",2
"Brownie","Bare Popcorn",1
"Brownie","Bowl Nic Pitt",1
"Brownie","Bread",115
"Brownie","Cake",43
"Brownie","Chicken Stew",4
"Brownie","Coffee",237
"Brownie","Coke",11
"Brownie","Cookies",26
"Brownie","Drinking chocolate spoons",1
"Brownie","Duck egg",1
"Brownie","Dulce de Leche",1
"Brownie","Ella's Kitchen Pouches",1
"Brownie","Extra Salami or Feta",3
"Brownie","Farm House",11
"Brownie","Focaccia",2
"Brownie","Frittata",4
"Brownie","Fudge",6
"Brownie","Hearty & Seasonal",6
"Brownie","Hot chocolate",42
"Brownie","Jam",3
"Brownie","Jammie Dodgers",4
"Brownie","Juice",24
"Brownie","Keeping It Local",1
"Brownie","Medialuna",19
"Brownie","Mineral water",9
"Brownie","Muffin",18
"Brownie","My-5 Fruit Shoot",4
"Brownie","Panatone",1
"Brownie","Pastry",23
"Brownie","Pick and Mix Bowls",2
"Brownie","Raspberry shortbread sandwich",1
"Brownie","Salad",1
"Brownie","Sandwich",27
"Brownie","Scandinavian",5
"Brownie","Scone",12
"Brownie","Smoothies",4
"Brownie","Soup",15
"Brownie","Spanish Brunch",5
"Brownie","Tartine",2
"Brownie","Tea",71
"Brownie","The Nomad",2
"Brownie","Tiffin",6
"Brownie","Toast",7
"Brownie","Truffles",11
"Brownie","Vegan Feast",1
"Brownie","Vegan mincepie",3
"Cake","Afternoon with the baker",1
"Cake","Alfajores",44
"Cake","Art Tray",3
"Cake","Baguette",9
"Cake","Bakewell",8
"Cake","Bare Popcorn",1
"Cake","Bread",255
"Cake","Brioche and salami",1
"Cake","Brownie",43
"Cake","Cherry me Dried fruit",1
"Cake","Chicken Stew",17
"Cake","Chocolates",1
"Cake","Christmas common",1
"Cake","Coffee",714
"Cake","Coffee granules",2
"Cake","Coke",17
"Cake","Cookies",77
"Cake","Crisps",1
"Cake","Duck egg",2
"Cake","Dulce de Leche",2
"Cake","Eggs",3
"Cake","Extra Salami or Feta",9
"Cake","Farm House",15
"Cake","Focaccia",2
"Cake","Frittata",3
"Cake","Fudge",6
"Cake","Granola",3
"Cake","Half slice Monster",1
"Cake","Hearty & Seasonal",8
"Cake","Honey",1
"Cake","Hot chocolate",116
"Cake","Jam",6
"Cake","Jammie Dodgers",31
"Cake","Juice",72
"Cake","Keeping It Local",1
"Cake","Lemon and coconut",2
"Cake","Medialuna",39
"Cake","Mighty Protein",1
"Cake","Mineral water",14
"Cake","Muffin",49
"Cake","My-5 Fruit Shoot",3
"Cake","Nomad bag",2
"Cake","Panatone",1
"Cake","Pastry",51
"Cake","Salad",15
"Cake","Sandwich",81
"Cake","Scandinavian",16
"Cake","Scone",46
"Cake","Smoothies",17
"Cake","Soup",53
"Cake","Spanish Brunch",23
"Cake","Tacos/Fajita",3
"Cake","Tartine",1
"Cake","Tea",269
"Cake","The Nomad",8
"Cake","Tiffin",23
"Cake","Toast",22
"Cake","Truffles",26
"Cake","Valentine's card",1
"Cake","Vegan Feast",3
"Cake","Vegan mincepie",13
"Cake","Victorian Sponge",1
"Caramel bites","Bread",1
"Caramel bites","Coffee",2
"Caramel bites","Jammie Dodgers",1
"Caramel bites","Kids biscuit",1
"Caramel bites","Medialuna",1
"Caramel bites","My-5 Fruit Shoot",1
"Caramel bites","Tea",1
"Cherry me Dried fruit","Cake",1
"Cherry me Dried fruit","Coffee",2
"Cherry me Dried fruit","Eggs",1
"Cherry me Dried fruit","Extra Salami or Feta",1
"Cherry me Dried fruit","Hot chocolate",1
"Cherry me Dried fruit","Toast",1
"Chicken Stew","Alfajores",3
"Chicken Stew","Art Tray",2
"Chicken Stew","Bakewell",1
"Chicken Stew","Bread",29
"Chicken Stew","Brownie",4
"Chicken Stew","Cake",17
"Chicken Stew","Chocolates",1
"Chicken Stew","Coffee",64
"Chicken Stew","Coke",10
"Chicken Stew","Cookies",5
"Chicken Stew","Duck egg",1
"Chicken Stew","Eggs",1
"Chicken Stew","Extra Salami or Feta",2
"Chicken Stew","Farm House",1
"Chicken Stew","Focaccia",1
"Chicken Stew","Fudge",2
"Chicken Stew","Granola",2
"Chicken Stew","Hot chocolate",4
"Chicken Stew","Jammie Dodgers",2
"Chicken Stew","Juice",17
"Chicken Stew","Medialuna",5
"Chicken Stew","Mineral water",3
"Chicken Stew","Muffin",1
"Chicken Stew","Pastry",6
"Chicken Stew","Salad",4
"Chicken Stew","Sandwich",22
"Chicken Stew","Scone",2
"Chicken Stew","Smoothies",2
"Chicken Stew","Soup",15
"Chicken Stew","Spanish Brunch",11
"Chicken Stew","Tea",36
"Chicken Stew","The Nomad",2
"Chicken Stew","Tiffin",4
"Chicken Stew","Toast",5
"Chicken Stew","Truffles",10
"Chicken sand","Coffee",1
"Chicken sand","Frittata",1
"Chicken sand","Scandinavian",1
"Chicken sand","Tea",1
"Chimichurri Oil","Farm House",1
"Chimichurri Oil","Scandinavian",1
"Chocolates","Alfajores",1
"Chocolates","Bread",2
"Chocolates","Cake",1
"Chocolates","Chicken Stew",1
"Chocolates","Coffee",7
"Chocolates","Coke",3
"Chocolates","Cookies",2
"Chocolates","Hot chocolate",5
"Chocolates","Jammie Dodgers",1
"Chocolates","Juice",4
"Chocolates","Mineral water",1
"Chocolates","Pastry",1
"Chocolates","Sandwich",1
"Chocolates","Tea",4
"Chocolates","Tiffin",1
"Christmas common","Baguette",1
"Christmas common","Bread",4
"Christmas common","Cake",1
"Christmas common","Hot chocolate",1
"Christmas common","Jam",2
"Christmas common","Scandinavian",1
"Christmas common","Spanish Brunch",1
"Christmas common","Tea",1
"Christmas common","Truffles",1
"Coffee","Afternoon with the baker",4
"Coffee","Alfajores",268
"Coffee","Art Tray",37
"Coffee","Bacon",2
"Coffee","Baguette",37
"Coffee","Bakewell",37
"Coffee","Bare Popcorn",5
"Coffee","Basket",5
"Coffee","Bowl Nic Pitt",2
"Coffee","Bread",1081
"Coffee","Bread Pudding",4
"Coffee","Brioche and salami",2
"Coffee","Brownie",237
"Coffee","Cake",714
"Coffee","Caramel bites",2
"Coffee","Cherry me Dried fruit",2
"Coffee","Chicken Stew",64
"Coffee","Chicken sand",1
"Coffee","Chocolates",7
"Coffee","Coffee granules",3
"Coffee","Coke",69
"Coffee","Cookies",382
"Coffee","Crepes",4
"Coffee","Crisps",9
"Coffee","Drinking chocolate spoons",5
"Coffee","Duck egg",11
"Coffee","Dulce de Leche",4
"Coffee","Eggs",7
"Coffee","Ella's Kitchen Pouches",8
"Coffee","Empanadas",5
"Coffee","Extra Salami or Feta",45
"Coffee","Farm House",76
"Coffee","Focaccia",12
"Coffee","Frittata",50
"Coffee","Fudge",39
"Coffee","Gingerbread syrup",2
"Coffee","Granola",24
"Coffee","Hack the stack",1
"Coffee","Half slice Monster",2
"Coffee","Hearty & Seasonal",71
"Coffee","Honey",2
"Coffee","Hot chocolate",341
"Coffee","Jam",51
"Coffee","Jammie Dodgers",76
"Coffee","Juice",251
"Coffee","Keeping It Local",60
"Coffee","Kids biscuit",7
"Coffee","Lemon and coconut",6
"Coffee","Medialuna",438
"Coffee","Mighty Protein",10
"Coffee","Mineral water",64
"Coffee","Muesli",3
"Coffee","Muffin",227
"Coffee","My-5 Fruit Shoot",8
"Coffee","Nomad bag",6
"Coffee","Panatone",1
"Coffee","Pastry",613
"Coffee","Pick and Mix Bowls",10
"Coffee","Postcard",1
"Coffee","Raspberry shortbread sandwich",1
"Coffee","Salad",84
"Coffee","Sandwich",537
"Coffee","Scandinavian",56
"Coffee","Scone",219
"Coffee","Smoothies",44
"Coffee","Soup",201
"Coffee","Spanish Brunch",129
"Coffee","Tacos/Fajita",5
"Coffee","Tartine",34
"Coffee","Tea",546
"Coffee","The Nomad",40
"Coffee","Tiffin",98
"Coffee","Toast",296
"Coffee","Truffles",77
"Coffee","Tshirt",1
"Coffee","Vegan Feast",3
"Coffee","Vegan mincepie",41
"Coffee granules","Cake",2
"Coffee granules","Coffee",3
"Coffee granules","Extra Salami or Feta",1
"Coffee granules","Farm House",1
"Coffee granules","Mortimer",1
"Coffee granules","Salad",1
"Coke","Alfajores",7
"Coke","Art Tray",1
"Coke","Baguette",1
"Coke","Bakewell",1
"Coke","Bread",20
"Coke","Brownie",11
"Coke","Cake",17
"Coke","Chicken Stew",10
"Coke","Chocolates",3
"Coke","Coffee",69
"Coke","Cookies",9
"Coke","Crisps",2
"Coke","Extra Salami or Feta",1
"Coke","Farm House",3
"Coke","Frittata",2
"Coke","Fudge",1
"Coke","Granola",1
"Coke","Hearty & Seasonal",2
"Coke","Hot chocolate",6
"Coke","Juice",22
"Coke","Medialuna",7
"Coke","Mighty Protein",1
"Coke","Mineral water",11
"Coke","Muffin",5
"Coke","Pastry",8
"Coke","Pick and Mix Bowls",1
"Coke","Pintxos",1
"Coke","Salad",7
"Coke","Sandwich",63
"Coke","Scone",5
"Coke","Smoothies",2
"Coke","Soup",15
"Coke","Spanish Brunch",6
"Coke","Tacos/Fajita",2
"Coke","Tartine",1
"Coke","Tea",21
"Coke","The Nomad",1
"Coke","Tiffin",4
"Coke","Toast",5
"Coke","Truffles",12
"Coke","Tshirt",1
"Cookies","Afternoon with the baker",2
"Cookies","Alfajores",27
"Cookies","Art Tray",4
"Cookies","Baguette",10
"Cookies","Bakewell",4
"Cookies","Bare Popcorn",2
"Cookies","Bread",149
"Cookies","Brownie",26
"Cookies","Cake",77
"Cookies","Chicken Stew",5
"Cookies","Chocolates",2
"Cookies","Coffee",382
"Cookies","Coke",9
"Cookies","Crisps",2
"Cookies","Duck egg",2
"Cookies","Eggs",1
"Cookies","Ella's Kitchen Pouches",3
"Cookies","Extra Salami or Feta",4
"Cookies","Farm House",12
"Cookies","Focaccia",2
"Cookies","Frittata",4
"Cookies","Fudge",3
"Cookies","Granola",1
"Cookies","Half slice Monster",1
"Cookies","Hearty & Seasonal",3
"Cookies","Honey",1
"Cookies","Hot chocolate",76
"Cookies","Jam",5
"Cookies","Jammie Dodgers",10
"Cookies","Juice",64
"Cookies","Keeping It Local",3
"Cookies","Medialuna",29
"Cookies","Mineral water",14
"Cookies","Muesli",1
"Cookies","Muffin",16
"Cookies","My-5 Fruit Shoot",4
"Cookies","Panatone",1
"Cookies","Pastry",31
"Cookies","Pick and Mix Bowls",2
"Cookies","Salad",4
"Cookies","Sandwich",41
"Cookies","Scandinavian",8
"Cookies","Scone",19
"Cookies","Smoothies",7
"Cookies","Soup",13
"Cookies","Spanish Brunch",8
"Cookies","Tartine",2
"Cookies","Tea",101
"Cookies","The Nomad",3
"Cookies","Tiffin",12
"Cookies","Toast",24
"Cookies","Truffles",7
"Cookies","Vegan Feast",2
"Cookies","Vegan mincepie",3
"Crepes","Alfajores",3
"Crepes","Bread",1
"Crepes","Coffee",4
"Crepes","Farm House",1
"Crepes","Medialuna",2
"Crepes","Sandwich",1
"Crepes","Scone",1
"Crisps","Alfajores",1
"Crisps","Bare Popcorn",1
"Crisps","Bread",4
"Crisps","Cake",1
"Crisps","Coffee",9
"Crisps","Coke",2
"Crisps","Cookies",2
"Crisps","Frittata",2
"Crisps","Hot chocolate",3
"Crisps","Juice",6
"Crisps","Medialuna",2
"Crisps","Mineral water",2
"Crisps","Sandwich",8
"Crisps","Smoothies",1
"Crisps","Truffles",3
"Drinking chocolate spoons","Bread",6
"Drinking chocolate spoons","Brownie",1
"Drinking chocolate spoons","Coffee",5
"Drinking chocolate spoons","Hot chocolate",3
"Drinking chocolate spoons","Juice",2
"Drinking chocolate spoons","Mineral water",2
"Drinking chocolate spoons","Muffin",1
"Drinking chocolate spoons","Pastry",1
"Drinking chocolate spoons","Salad",1
"Drinking chocolate spoons","Sandwich",3
"Duck egg","Afternoon with the baker",1
"Duck egg","Bread",2
"Duck egg","Brownie",1
"Duck egg","Cake",2
"Duck egg","Chicken Stew",1
"Duck egg","Coffee",11
"Duck egg","Cookies",2
"Duck egg","Extra Salami or Feta",2
"Duck egg","Hot chocolate",1
"Duck egg","Jam",1
"Duck egg","Sandwich",1
"Duck egg","Soup",1
"Duck egg","Spanish Brunch",6
"Duck egg","Tea",7
"Duck egg","The Nomad",1
"Duck egg","Toast",1
"Duck egg","Truffles",2
"Dulce de Leche","Alfajores",3
"Dulce de Leche","Bread",4
"Dulce de Leche","Brownie",1
"Dulce de Leche","Cake",2
"Dulce de Leche","Coffee",4
"Dulce de Leche","Fudge",2
"Dulce de Leche","Medialuna",2
"Dulce de Leche","Pastry",2
"Dulce de Leche","Scandinavian",1
"Eggs","Alfajores",1
"Eggs","Bread",16
"Eggs","Cake",3
"Eggs","Cherry me Dried fruit",1
"Eggs","Chicken Stew",1
"Eggs","Coffee",7
"Eggs","Cookies",1
"Eggs","Farm House",1
"Eggs","Fudge",2
"Eggs","Hot chocolate",2
"Eggs","Jammie Dodgers",1
"Eggs","Juice",3
"Eggs","Medialuna",2
"Eggs","Nomad bag",1
"Eggs","Pastry",3
"Eggs","Scandinavian",2
"Eggs","Tea",1
"Ella's Kitchen Pouches","Alfajores",1
"Ella's Kitchen Pouches","Bare Popcorn",1
"Ella's Kitchen Pouches","Bread",5
"Ella's Kitchen Pouches","Brownie",1
"Ella's Kitchen Pouches","Coffee",8
"Ella's Kitchen Pouches","Cookies",3
"Ella's Kitchen Pouches","Fudge",2
"Ella's Kitchen Pouches","Jam",2
"Ella's Kitchen Pouches","Juice",6
"Ella's Kitchen Pouches","Medialuna",3
"Ella's Kitchen Pouches","Muffin",2
"Ella's Kitchen Pouches","My-5 Fruit Shoot",1
"Ella's Kitchen Pouches","Pastry",3
"Ella's Kitchen Pouches","Sandwich",1
"Ella's Kitchen Pouches","Tea",4
"Ella's Kitchen Pouches","Tiffin",1
"Ella's Kitchen Pouches","Truffles",1
"Empanadas","Alfajores",1
"Empanadas","Bread",3
"Empanadas","Coffee",5
"Empanadas","Medialuna",1
"Empanadas","Muffin",1
"Empanadas","Scandinavian",1
"Empanadas","Soup",1
"Empanadas","Tea",2
"Extra Salami or Feta","Afternoon with the baker",1
"Extra Salami or Feta","Baguette",1
"Extra Salami or Feta","Bare Popcorn",1
"Extra Salami or Feta","Bread",11
"Extra Salami or Feta","Brownie",3
"Extra Salami or Feta","Cake",9
"Extra Salami or Feta","Cherry me Dried fruit",1
"Extra Salami or Feta","Chicken Stew",2
"Extra Salami or Feta","Coffee",45
"Extra Salami or Feta","Coffee granules",1
"Extra Salami or Feta","Coke",1
"Extra Salami or Feta","Cookies",4
"Extra Salami or Feta","Duck egg",2
"Extra Salami or Feta","Farm House",1
"Extra Salami or Feta","Frittata",1
"Extra Salami or Feta","Granola",1
"Extra Salami or Feta","Hot chocolate",2
"Extra Salami or Feta","Jam",1
"Extra Salami or Feta","Juice",4
"Extra Salami or Feta","Mineral water",1
"Extra Salami or Feta","Muffin",1
"Extra Salami or Feta","Salad",16
"Extra Salami or Feta","Sandwich",7
"Extra Salami or Feta","Scandinavian",2
"Extra Salami or Feta","Soup",2
"Extra Salami or Feta","Spanish Brunch",8
"Extra Salami or Feta","Tea",6
"Extra Salami or Feta","Toast",6
"Extra Salami or Feta","Truffles",2
"Fairy Doors","Focaccia",1
"Fairy Doors","Scandinavian",1
"Farm House","Alfajores",4
"Farm House","Baguette",6
"Farm House","Bakewell",1
"Farm House","Bare Popcorn",1
"Farm House","Basket",1
"Farm House","Bread",51
"Farm House","Brownie",11
"Farm House","Cake",15
"Farm House","Chicken Stew",1
"Farm House","Chimichurri Oil",1
"Farm House","Coffee",76
"Farm House","Coffee granules",1
"Farm House","Coke",3
"Farm House","Cookies",12
"Farm House","Crepes",1
"Farm House","Eggs",1
"Farm House","Extra Salami or Feta",1
"Farm House","Focaccia",4
"Farm House","Frittata",2
"Farm House","Fudge",3
"Farm House","Gingerbread syrup",1
"Farm House","Hearty & Seasonal",2
"Farm House","Hot chocolate",8
"Farm House","Jam",6
"Farm House","Jammie Dodgers",1
"Farm House","Juice",5
"Farm House","Keeping It Local",1
"Farm House","Medialuna",22
"Farm House","Mineral water",1
"Farm House","Muffin",7
"Farm House","Nomad bag",1
"Farm House","Pastry",29
"Farm House","Salad",2
"Farm House","Sandwich",4
"Farm House","Scandinavian",16
"Farm House","Scone",4
"Farm House","Smoothies",1
"Farm House","Soup",6
"Farm House","Spanish Brunch",4
"Farm House","Tartine",1
"Farm House","Tea",15
"Farm House","The Nomad",1
"Farm House","Tiffin",3
"Farm House","Toast",6
"Farm House","Truffles",2
"Focaccia","Alfajores",4
"Focaccia","Bread",19
"Focaccia","Brownie",2
"Focaccia","Cake",2
"Focaccia","Chicken Stew",1
"Focaccia","Coffee",12
"Focaccia","Cookies",2
"Focaccia","Fairy Doors",1
"Focaccia","Farm House",4
"Focaccia","Fudge",4
"Focaccia","Hearty & Seasonal",2
"Focaccia","Jam",1
"Focaccia","Juice",1
"Focaccia","Medialuna",6
"Focaccia","Muffin",1
"Focaccia","Panatone",1
"Focaccia","Pastry",4
"Focaccia","Pick and Mix Bowls",1
"Focaccia","Sandwich",3
"Focaccia","Scandinavian",4
"Focaccia","Scone",2
"Focaccia","Soup",2
"Focaccia","Tea",6
"Frittata","Alfajores",2
"Frittata","Art Tray",2
"Frittata","Bowl Nic Pitt",1
"Frittata","Bread",27
"Frittata","Brownie",4
"Frittata","Cake",3
"Frittata","Chicken sand",1
"Frittata","Coffee",50
"Frittata","Coke",2
"Frittata","Cookies",4
"Frittata","Crisps",2
"Frittata","Extra Salami or Feta",1
"Frittata","Farm House",2
"Frittata","Fudge",2
"Frittata","Hearty & Seasonal",2
"Frittata","Jam",2
"Frittata","Jammie Dodgers",1
"Frittata","Juice",4
"Frittata","Keeping It Local",1
"Frittata","Medialuna",3
"Frittata","Mineral water",6
"Frittata","Muffin",6
"Frittata","Pastry",5
"Frittata","Salad",2
"Frittata","Sandwich",8
"Frittata","Scandinavian",3
"Frittata","Scone",7
"Frittata","Smoothies",2
"Frittata","Soup",4
"Frittata","Tea",19
"Frittata","The Nomad",1
"Frittata","Toast",2
"Frittata","Truffles",5
"Frittata","Vegan mincepie",1
"Fudge","Alfajores",8
"Fudge","Baguette",1
"Fudge","Bread",38
"Fudge","Bread Pudding",1
"Fudge","Brownie",6
"Fudge","Cake",6
"Fudge","Chicken Stew",2
"Fudge","Coffee",39
"Fudge","Coke",1
"Fudge","Cookies",3
"Fudge","Dulce de Leche",2
"Fudge","Eggs",2
"Fudge","Ella's Kitchen Pouches",2
"Fudge","Farm House",3
"Fudge","Focaccia",4
"Fudge","Frittata",2
"Fudge","Gingerbread syrup",2
"Fudge","Granola",1
"Fudge","Hot chocolate",5
"Fudge","Jam",35
"Fudge","Jammie Dodgers",1
"Fudge","Juice",3
"Fudge","Keeping It Local",1
"Fudge","Kids biscuit",1
"Fudge","Medialuna",7
"Fudge","Muffin",4
"Fudge","My-5 Fruit Shoot",1
"Fudge","Panatone",1
"Fudge","Pastry",5
"Fudge","Sandwich",15
"Fudge","Scandinavian",4
"Fudge","Scone",1
"Fudge","Smoothies",1
"Fudge","Soup",1
"Fudge","Spanish Brunch",2
"Fudge","Spread",1
"Fudge","Tartine",1
"Fudge","Tea",15
"Fudge","The Nomad",2
"Fudge","Toast",2
"Fudge","Truffles",3
"Fudge","Tshirt",1
"Gift voucher","Bread",1
"Gingerbread syrup","Bread",1
"Gingerbread syrup","Coffee",2
"Gingerbread syrup","Farm House",1
"Gingerbread syrup","Fudge",2
"Gingerbread syrup","Jam",1
"Gingerbread syrup","Juice",1
"Gingerbread syrup","Medialuna",1
"Gingerbread syrup","Muffin",1
"Gingerbread syrup","Pastry",1
"Gingerbread syrup","Tea",1
"Granola","Afternoon with the baker",1
"Granola","Argentina Night",1
"Granola","Bread",9
"Granola","Cake",3
"Granola","Chicken Stew",2
"Granola","Coffee",24
"Granola","Coke",1
"Granola","Cookies",1
"Granola","Extra Salami or Feta",1
"Granola","Fudge",1
"Granola","Hot chocolate",2
"Granola","Juice",2
"Granola","Medialuna",1
"Granola","Mineral water",1
"Granola","Muffin",1
"Granola","Pastry",4
"Granola","Sandwich",3
"Granola","Scandinavian",2
"Granola","Scone",1
"Granola","Smoothies",1
"Granola","Spanish Brunch",2
"Granola","Tea",7
"Granola","The Nomad",1
"Granola","Tiffin",1
"Granola","Toast",3
"Hack the stack","Art Tray",2
"Hack the stack","Coffee",1
"Hack the stack","My-5 Fruit Shoot",1
"Hack the stack","Tea",1
"Half slice Monster","Cake",1
"Half slice Monster","Coffee",2
"Half slice Monster","Cookies",1
"Half slice Monster","Hot chocolate",1
"Half slice Monster","Juice",2
"Half slice Monster","My-5 Fruit Shoot",1
"Half slice Monster","Tiffin",1
"Hearty & Seasonal","Alfajores",8
"Hearty & Seasonal","Art Tray",4
"Hearty & Seasonal","Bowl Nic Pitt",1
"Hearty & Seasonal","Bread",30
"Hearty & Seasonal","Brownie",6
"Hearty & Seasonal","Cake",8
"Hearty & Seasonal","Coffee",71
"Hearty & Seasonal","Coke",2
"Hearty & Seasonal","Cookies",3
"Hearty & Seasonal","Farm House",2
"Hearty & Seasonal","Focaccia",2
"Hearty & Seasonal","Frittata",2
"Hearty & Seasonal","Hot chocolate",7
"Hearty & Seasonal","Juice",5
"Hearty & Seasonal","Keeping It Local",2
"Hearty & Seasonal","Medialuna",3
"Hearty & Seasonal","Mighty Protein",2
"Hearty & Seasonal","Mineral water",9
"Hearty & Seasonal","Muffin",6
"Hearty & Seasonal","Pastry",3
"Hearty & Seasonal","Pick and Mix Bowls",4
"Hearty & Seasonal","Sandwich",14
"Hearty & Seasonal","Scandinavian",1
"Hearty & Seasonal","Scone",2
"Hearty & Seasonal","Smoothies",6
"Hearty & Seasonal","Soup",12
"Hearty & Seasonal","Tartine",1
"Hearty & Seasonal","Tea",22
"Hearty & Seasonal","Tiffin",1
"Hearty & Seasonal","Truffles",4
"Honey","Bread",2
"Honey","Cake",1
"Honey","Coffee",2
"Honey","Cookies",1
"Honey","Jammie Dodgers",1
"Honey","Pastry",1
"Honey","Scandinavian",1
"Honey","Tacos/Fajita",1
"Honey","Tea",2
"Hot chocolate","Afternoon with the baker",1
"Hot chocolate","Alfajores",39
"Hot chocolate","Art Tray",7
"Hot chocolate","Baguette",5
"Hot chocolate","Bakewell",3
"Hot chocolate","Bare Popcorn",1
"Hot chocolate","Basket",2
"Hot chocolate","Bread",147
"Hot chocolate","Brownie",42
"Hot chocolate","Cake",116
"Hot chocolate","Cherry me Dried fruit",1
"Hot chocolate","Chicken Stew",4
"Hot chocolate","Chocolates",5
"Hot chocolate","Christmas common",1
"Hot chocolate","Coffee",341
"Hot chocolate","Coke",6
"Hot chocolate","Cookies",76
"Hot chocolate","Crisps",3
"Hot chocolate","Drinking chocolate spoons",3
"Hot chocolate","Duck egg",1
"Hot chocolate","Eggs",2
"Hot chocolate","Extra Salami or Feta",2
"Hot chocolate","Farm House",8
"Hot chocolate","Fudge",5
"Hot chocolate","Granola",2
"Hot chocolate","Half slice Monster",1
"Hot chocolate","Hearty & Seasonal",7
"Hot chocolate","Jam",4
"Hot chocolate","Jammie Dodgers",17
"Hot chocolate","Juice",24
"Hot chocolate","Keeping It Local",2
"Hot chocolate","Lemon and coconut",1
"Hot chocolate","Medialuna",53
"Hot chocolate","Mineral water",9
"Hot chocolate","Muffin",38
"Hot chocolate","My-5 Fruit Shoot",3
"Hot chocolate","Pastry",60
"Hot chocolate","Pick and Mix Bowls",1
"Hot chocolate","Salad",2
"Hot chocolate","Sandwich",49
"Hot chocolate","Scandinavian",5
"Hot chocolate","Scone",30
"Hot chocolate","Smoothies",10
"Hot chocolate","Soup",9
"Hot chocolate","Spanish Brunch",9
"Hot chocolate","Tartine",2
"Hot chocolate","Tea",83
"Hot chocolate","The Nomad",3
"Hot chocolate","Tiffin",14
"Hot chocolate","Toast",33
"Hot chocolate","Truffles",8
"Hot chocolate","Tshirt",1
"Hot chocolate","Vegan Feast",1
"Hot chocolate","Vegan mincepie",10
"Hot chocolate","Victorian Sponge",1
"Jam","Alfajores",2
"Jam","Bread",51
"Jam","Bread Pudding",1
"Jam","Brownie",3
"Jam","Cake",6
"Jam","Christmas common",2
"Jam","Coffee",51
"Jam","Cookies",5
"Jam","Duck egg",1
"Jam","Ella's Kitchen Pouches",2
"Jam","Extra Salami or Feta",1
"Jam","Farm House",6
"Jam","Focaccia",1
"Jam","Frittata",2
"Jam","Fudge",35
"Jam","Gingerbread syrup",1
"Jam","Hot chocolate",4
"Jam","Juice",5
"Jam","Keeping It Local",2
"Jam","Medialuna",6
"Jam","Mineral water",1
"Jam","Muffin",5
"Jam","Pastry",13
"Jam","Pick and Mix Bowls",2
"Jam","Salad",2
"Jam","Sandwich",3
"Jam","Scandinavian",4
"Jam","Scone",2
"Jam","Smoothies",1
"Jam","Soup",5
"Jam","Spanish Brunch",3
"Jam","Spread",1
"Jam","Tartine",4
"Jam","Tea",14
"Jam","The Nomad",1
"Jam","Toast",1
"Jam","Truffles",1
"Jammie Dodgers","Alfajores",4
"Jammie Dodgers","Art Tray",1
"Jammie Dodgers","Bakewell",2
"Jammie Dodgers","Bread",49
"Jammie Dodgers","Brownie",4
"Jammie Dodgers","Cake",31
"Jammie Dodgers","Caramel bites",1
"Jammie Dodgers","Chicken Stew",2
"Jammie Dodgers","Chocolates",1
"Jammie Dodgers","Coffee",76
"Jammie Dodgers","Cookies",10
"Jammie Dodgers","Eggs",1
"Jammie Dodgers","Farm House",1
"Jammie Dodgers","Frittata",1
"Jammie Dodgers","Fudge",1
"Jammie Dodgers","Honey",1
"Jammie Dodgers","Hot chocolate",17
"Jammie Dodgers","Juice",21
"Jammie Dodgers","Medialuna",7
"Jammie Dodgers","Muffin",9
"Jammie Dodgers","My-5 Fruit Shoot",1
"Jammie Dodgers","Pastry",4
"Jammie Dodgers","Sandwich",9
"Jammie Dodgers","Scandinavian",1
"Jammie Dodgers","Scone",4
"Jammie Dodgers","Smoothies",4
"Jammie Dodgers","Spanish Brunch",2
"Jammie Dodgers","Tea",26
"Jammie Dodgers","Tiffin",11
"Jammie Dodgers","Toast",1
"Jammie Dodgers","Truffles",4
"Jammie Dodgers","Vegan Feast",1
"Jammie Dodgers","Vegan mincepie",5
"Juice","Afternoon with the baker",2
"Juice","Alfajores",30
"Juice","Art Tray",8
"Juice","Bacon",1
"Juice","Baguette",3
"Juice","Bakewell",6
"Juice","Bare Popcorn",2
"Juice","Bread",76
"Juice","Brownie",24
"Juice","Cake",72
"Juice","Chicken Stew",17
"Juice","Chocolates",4
"Juice","Coffee",251
"Juice","Coke",22
"Juice","Cookies",64
"Juice","Crisps",6
"Juice","Drinking chocolate spoons",2
"Juice","Eggs",3
"Juice","Ella's Kitchen Pouches",6
"Juice","Extra Salami or Feta",4
"Juice","Farm House",5
"Juice","Focaccia",1
"Juice","Frittata",4
"Juice","Fudge",3
"Juice","Gingerbread syrup",1
"Juice","Granola",2
"Juice","Half slice Monster",2
"Juice","Hearty & Seasonal",5
"Juice","Hot chocolate",24
"Juice","Jam",5
"Juice","Jammie Dodgers",21
"Juice","Lemon and coconut",1
"Juice","Medialuna",20
"Juice","Mighty Protein",1
"Juice","Mineral water",16
"Juice","Muffin",27
"Juice","My-5 Fruit Shoot",2
"Juice","Nomad bag",1
"Juice","Panatone",1
"Juice","Pastry",24
"Juice","Pick and Mix Bowls",4
"Juice","Salad",10
"Juice","Sandwich",76
"Juice","Scandinavian",1
"Juice","Scone",19
"Juice","Smoothies",6
"Juice","Soup",17
"Juice","Spanish Brunch",27
"Juice","Tacos/Fajita",3
"Juice","Tartine",4
"Juice","Tea",75
"Juice","The Nomad",5
"Juice","Tiffin",9
"Juice","Toast",22
"Juice","Truffles",19
"Juice","Vegan mincepie",5
"Keeping It Local","Alfajores",1
"Keeping It Local","Art Tray",1
"Keeping It Local","Bread",23
"Keeping It Local","Brownie",1
"Keeping It Local","Cake",1
"Keeping It Local","Coffee",60
"Keeping It Local","Cookies",3
"Keeping It Local","Farm House",1
"Keeping It Local","Frittata",1
"Keeping It Local","Fudge",1
"Keeping It Local","Hearty & Seasonal",2
"Keeping It Local","Hot chocolate",2
"Keeping It Local","Jam",2
"Keeping It Local","Medialuna",2
"Keeping It Local","Muffin",1
"Keeping It Local","My-5 Fruit Shoot",1
"Keeping It Local","Pastry",3
"Keeping It Local","Scandinavian",1
"Keeping It Local","Smoothies",1
"Keeping It Local","Soup",1
"Keeping It Local","Tea",17
"Kids biscuit","Bread",2
"Kids biscuit","Caramel bites",1
"Kids biscuit","Coffee",7
"Kids biscuit","Fudge",1
"Kids biscuit","Mineral water",1
"Kids biscuit","Muffin",3
"Kids biscuit","My-5 Fruit Shoot",1
"Kids biscuit","Soup",1
"Kids biscuit","Tea",1
"Lemon and coconut","Bakewell",1
"Lemon and coconut","Bread",3
"Lemon and coconut","Cake",2
"Lemon and coconut","Coffee",6
"Lemon and coconut","Hot chocolate",1
"Lemon and coconut","Juice",1
"Lemon and coconut","Sandwich",2
"Lemon and coconut","Scone",1
"Lemon and coconut","Tea",2
"Medialuna","Alfajores",33
"Medialuna","Art Tray",1
"Medialuna","Baguette",7
"Medialuna","Bakewell",2
"Medialuna","Bread",174
"Medialuna","Brownie",19
"Medialuna","Cake",39
"Medialuna","Caramel bites",1
"Medialuna","Chicken Stew",5
"Medialuna","Coffee",438
"Medialuna","Coke",7
"Medialuna","Cookies",29
"Medialuna","Crepes",2
"Medialuna","Crisps",2
"Medialuna","Dulce de Leche",2
"Medialuna","Eggs",2
"Medialuna","Ella's Kitchen Pouches",3
"Medialuna","Empanadas",1
"Medialuna","Farm House",22
"Medialuna","Focaccia",6
"Medialuna","Frittata",3
"Medialuna","Fudge",7
"Medialuna","Gingerbread syrup",1
"Medialuna","Granola",1
"Medialuna","Hearty & Seasonal",3
"Medialuna","Hot chocolate",53
"Medialuna","Jam",6
"Medialuna","Jammie Dodgers",7
"Medialuna","Juice",20
"Medialuna","Keeping It Local",2
"Medialuna","Mineral water",3
"Medialuna","Muffin",19
"Medialuna","Pastry",96
"Medialuna","Salad",1
"Medialuna","Sandwich",22
"Medialuna","Scandinavian",13
"Medialuna","Scone",15
"Medialuna","Smoothies",2
"Medialuna","Soup",8
"Medialuna","Spanish Brunch",8
"Medialuna","Tartine",2
"Medialuna","Tea",89
"Medialuna","The Nomad",4
"Medialuna","Tiffin",7
"Medialuna","Toast",18
"Medialuna","Truffles",12
"Medialuna","Vegan mincepie",2
"Mighty Protein","Cake",1
"Mighty Protein","Coffee",10
"Mighty Protein","Coke",1
"Mighty Protein","Hearty & Seasonal",2
"Mighty Protein","Juice",1
"Mighty Protein","Soup",1
"Mighty Protein","Tartine",1
"Mighty Protein","Tea",3
"Mineral water","Alfajores",12
"Mineral water","Bakewell",1
"Mineral water","Bread",35
"Mineral water","Brownie",9
"Mineral water","Cake",14
"Mineral water","Chicken Stew",3
"Mineral water","Chocolates",1
"Mineral water","Coffee",64
"Mineral water","Coke",11
"Mineral water","Cookies",14
"Mineral water","Crisps",2
"Mineral water","Drinking chocolate spoons",2
"Mineral water","Extra Salami or Feta",1
"Mineral water","Farm House",1
"Mineral water","Frittata",6
"Mineral water","Granola",1
"Mineral water","Hearty & Seasonal",9
"Mineral water","Hot chocolate",9
"Mineral water","Jam",1
"Mineral water","Juice",16
"Mineral water","Kids biscuit",1
"Mineral water","Medialuna",3
"Mineral water","Muffin",5
"Mineral water","Pastry",2
"Mineral water","Pick and Mix Bowls",3
"Mineral water","Salad",6
"Mineral water","Sandwich",36
"Mineral water","Scandinavian",3
"Mineral water","Scone",7
"Mineral water","Smoothies",2
"Mineral water","Soup",21
"Mineral water","Spanish Brunch",4
"Mineral water","Tartine",2
"Mineral water","Tea",12
"Mineral water","Tiffin",4
"Mineral water","Toast",4
"Mineral water","Truffles",11
"Mineral water","Vegan mincepie",3
"Mortimer","Coffee granules",1
"Muesli","Bread",3
"Muesli","Coffee",3
"Muesli","Cookies",1
"Muesli","Tea",2
"Muesli","The Nomad",1
"Muffin","Alfajores",17
"Muffin","Art Tray",3
"Muffin","Baguette",3
"Muffin","Bakewell",1
"Muffin","Bare Popcorn",1
"Muffin","Bowl Nic Pitt",1
"Muffin","Bread",81
"Muffin","Brownie",18
"Muffin","Cake",49
"Muffin","Chicken Stew",1
"Muffin","Coffee",227
"Muffin","Coke",5
"Muffin","Cookies",16
"Muffin","Drinking chocolate spoons",1
"Muffin","Ella's Kitchen Pouches",2
"Muffin","Empanadas",1
"Muffin","Extra Salami or Feta",1
"Muffin","Farm House",7
"Muffin","Focaccia",1
"Muffin","Frittata",6
"Muffin","Fudge",4
"Muffin","Gingerbread syrup",1
"Muffin","Granola",1
"Muffin","Hearty & Seasonal",6
"Muffin","Hot chocolate",38
"Muffin","Jam",5
"Muffin","Jammie Dodgers",9
"Muffin","Juice",27
"Muffin","Keeping It Local",1
"Muffin","Kids biscuit",3
"Muffin","Medialuna",19
"Muffin","Mineral water",5
"Muffin","My-5 Fruit Shoot",3
"Muffin","Panatone",1
"Muffin","Pastry",24
"Muffin","Salad",2
"Muffin","Sandwich",22
"Muffin","Scandinavian",13
"Muffin","Scone",7
"Muffin","Smoothies",8
"Muffin","Soup",12
"Muffin","Spanish Brunch",3
"Muffin","Tacos/Fajita",1
"Muffin","Tartine",2
"Muffin","Tea",66
"Muffin","The Nomad",2
"Muffin","Tiffin",6
"Muffin","Toast",6
"Muffin","Truffles",5
"Muffin","Vegan Feast",1
"My-5 Fruit Shoot","Alfajores",2
"My-5 Fruit Shoot","Art Tray",2
"My-5 Fruit Shoot","Bread",6
"My-5 Fruit Shoot","Brownie",4
"My-5 Fruit Shoot","Cake",3
"My-5 Fruit Shoot","Caramel bites",1
"My-5 Fruit Shoot","Coffee",8
"My-5 Fruit Shoot","Cookies",4
"My-5 Fruit Shoot","Ella's Kitchen Pouches",1
"My-5 Fruit Shoot","Fudge",1
"My-5 Fruit Shoot","Hack the stack",1
"My-5 Fruit Shoot","Half slice Monster",1
"My-5 Fruit Shoot","Hot chocolate",3
"My-5 Fruit Shoot","Jammie Dodgers",1
"My-5 Fruit Shoot","Juice",2
"My-5 Fruit Shoot","Keeping It Local",1
"My-5 Fruit Shoot","Kids biscuit",1
"My-5 Fruit Shoot","Muffin",3
"My-5 Fruit Shoot","Pastry",1
"My-5 Fruit Shoot","Sandwich",2
"My-5 Fruit Shoot","Scandinavian",1
"My-5 Fruit Shoot","Soup",1
"My-5 Fruit Shoot","Tartine",1
"My-5 Fruit Shoot","Tea",1
"Nomad bag","Bread",6
"Nomad bag","Cake",2
"Nomad bag","Coffee",6
"Nomad bag","Eggs",1
"Nomad bag","Farm House",1
"Nomad bag","Juice",1
"Nomad bag","Pastry",1
"Nomad bag","Postcard",1
"Nomad bag","Sandwich",1
"Nomad bag","Scandinavian",1
"Nomad bag","Scone",1
"Nomad bag","Spanish Brunch",1
"Nomad bag","Tshirt",1
"Olum & polenta","Bread",1
"Panatone","Art Tray",1
"Panatone","Bare Popcorn",1
"Panatone","Bread",1
"Panatone","Brownie",1
"Panatone","Cake",1
"Panatone","Coffee",1
"Panatone","Cookies",1
"Panatone","Focaccia",1
"Panatone","Fudge",1
"Panatone","Juice",1
"Panatone","Muffin",1
"Pastry","Alfajores",37
"Pastry","Art Tray",2
"Pastry","Baguette",8
"Pastry","Bakewell",3
"Pastry","Bread",313
"Pastry","Brownie",23
"Pastry","Cake",51
"Pastry","Chicken Stew",6
"Pastry","Chocolates",1
"Pastry","Coffee",613
"Pastry","Coke",8
"Pastry","Cookies",31
"Pastry","Drinking chocolate spoons",1
"Pastry","Dulce de Leche",2
"Pastry","Eggs",3
"Pastry","Ella's Kitchen Pouches",3
"Pastry","Farm House",29
"Pastry","Focaccia",4
"Pastry","Frittata",5
"Pastry","Fudge",5
"Pastry","Gingerbread syrup",1
"Pastry","Granola",4
"Pastry","Hearty & Seasonal",3
"Pastry","Honey",1
"Pastry","Hot chocolate",60
"Pastry","Jam",13
"Pastry","Jammie Dodgers",4
"Pastry","Juice",24
"Pastry","Keeping It Local",3
"Pastry","Medialuna",96
"Pastry","Mineral water",2
"Pastry","Muffin",24
"Pastry","My-5 Fruit Shoot",1
"Pastry","Nomad bag",1
"Pastry","Salad",2
"Pastry","Sandwich",14
"Pastry","Scandinavian",14
"Pastry","Scone",24
"Pastry","Smoothies",4
"Pastry","Soup",10
"Pastry","Spanish Brunch",4
"Pastry","Tartine",3
"Pastry","Tea",100
"Pastry","The Nomad",6
"Pastry","Tiffin",7
"Pastry","Toast",16
"Pastry","Truffles",16
"Pastry","Vegan Feast",1
"Pastry","Vegan mincepie",3
"Pick and Mix Bowls","Alfajores",1
"Pick and Mix Bowls","Bread",1
"Pick and Mix Bowls","Brownie",2
"Pick and Mix Bowls","Coffee",10
"Pick and Mix Bowls","Coke",1
"Pick and Mix Bowls","Cookies",2
"Pick and Mix Bowls","Focaccia",1
"Pick and Mix Bowls","Hearty & Seasonal",4
"Pick and Mix Bowls","Hot chocolate",1
"Pick and Mix Bowls","Jam",2
"Pick and Mix Bowls","Juice",4
"Pick and Mix Bowls","Mineral water",3
"Pick and Mix Bowls","Sandwich",2
"Pick and Mix Bowls","Smoothies",1
"Pick and Mix Bowls","Soup",1
"Pick and Mix Bowls","Tartine",3
"Pick and Mix Bowls","Tea",1
"Pintxos","Coke",1
"Polenta","Tea",1
"Postcard","Coffee",1
"Postcard","Nomad bag",1
"Postcard","Tshirt",6
"Postcard","Valentine's card",1
"Raspberry shortbread sandwich","Bread",1
"Raspberry shortbread sandwich","Brownie",1
"Raspberry shortbread sandwich","Coffee",1
"Raspberry shortbread sandwich","Tea",2
"Raw bars","Tea",2
"Salad","Alfajores",3
"Salad","Art Tray",3
"Salad","Baguette",4
"Salad","Bakewell",1
"Salad","Bare Popcorn",1
"Salad","Bread",20
"Salad","Brownie",1
"Salad","Cake",15
"Salad","Chicken Stew",4
"Salad","Coffee",84
"Salad","Coffee granules",1
"Salad","Coke",7
"Salad","Cookies",4
"Salad","Drinking chocolate spoons",1
"Salad","Extra Salami or Feta",16
"Salad","Farm House",2
"Salad","Frittata",2
"Salad","Hot chocolate",2
"Salad","Jam",2
"Salad","Juice",10
"Salad","Medialuna",1
"Salad","Mineral water",6
"Salad","Muffin",2
"Salad","Pastry",2
"Salad","Sandwich",20
"Salad","Scandinavian",3
"Salad","Scone",2
"Salad","Smoothies",2
"Salad","Soup",13
"Salad","Spanish Brunch",12
"Salad","Tea",21
"Salad","Tiffin",2
"Salad","Toast",5
"Salad","Truffles",7
"Salad","Valentine's card",1
"Sandwich","Alfajores",42
"Sandwich","Argentina Night",1
"Sandwich","Art Tray",8
"Sandwich","Baguette",3
"Sandwich","Bakewell",5
"Sandwich","Bare Popcorn",1
"Sandwich","Bread",200
"Sandwich","Bread Pudding",1
"Sandwich","Brownie",27
"Sandwich","Cake",81
"Sandwich","Chicken Stew",22
"Sandwich","Chocolates",1
"Sandwich","Coffee",537
"Sandwich","Coke",63
"Sandwich","Cookies",41
"Sandwich","Crepes",1
"Sandwich","Crisps",8
"Sandwich","Drinking chocolate spoons",3
"Sandwich","Duck egg",1
"Sandwich","Ella's Kitchen Pouches",1
"Sandwich","Extra Salami or Feta",7
"Sandwich","Farm House",4
"Sandwich","Focaccia",3
"Sandwich","Frittata",8
"Sandwich","Fudge",15
"Sandwich","Granola",3
"Sandwich","Hearty & Seasonal",14
"Sandwich","Hot chocolate",49
"Sandwich","Jam",3
"Sandwich","Jammie Dodgers",9
"Sandwich","Juice",76
"Sandwich","Lemon and coconut",2
"Sandwich","Medialuna",22
"Sandwich","Mineral water",36
"Sandwich","Muffin",22
"Sandwich","My-5 Fruit Shoot",2
"Sandwich","Nomad bag",1
"Sandwich","Pastry",14
"Sandwich","Pick and Mix Bowls",2
"Sandwich","Salad",20
"Sandwich","Scandinavian",4
"Sandwich","Scone",19
"Sandwich","Smoothies",19
"Sandwich","Soup",53
"Sandwich","Spanish Brunch",19
"Sandwich","Tartine",2
"Sandwich","Tea",157
"Sandwich","The Nomad",3
"Sandwich","Tiffin",12
"Sandwich","Toast",20
"Sandwich","Truffles",45
"Sandwich","Vegan mincepie",2
"Scandinavian","Afternoon with the baker",1
"Scandinavian","Alfajores",15
"Scandinavian","Baguette",9
"Scandinavian","Bread",66
"Scandinavian","Brownie",5
"Scandinavian","Cake",16
"Scandinavian","Chicken sand",1
"Scandinavian","Chimichurri Oil",1
"Scandinavian","Christmas common",1
"Scandinavian","Coffee",56
"Scandinavian","Cookies",8
"Scandinavian","Dulce de Leche",1
"Scandinavian","Eggs",2
"Scandinavian","Empanadas",1
"Scandinavian","Extra Salami or Feta",2
"Scandinavian","Fairy Doors",1
"Scandinavian","Farm House",16
"Scandinavian","Focaccia",4
"Scandinavian","Frittata",3
"Scandinavian","Fudge",4
"Scandinavian","Granola",2
"Scandinavian","Hearty & Seasonal",1
"Scandinavian","Honey",1
"Scandinavian","Hot chocolate",5
"Scandinavian","Jam",4
"Scandinavian","Jammie Dodgers",1
"Scandinavian","Juice",1
"Scandinavian","Keeping It Local",1
"Scandinavian","Medialuna",13
"Scandinavian","Mineral water",3
"Scandinavian","Muffin",13
"Scandinavian","My-5 Fruit Shoot",1
"Scandinavian","Nomad bag",1
"Scandinavian","Pastry",14
"Scandinavian","Salad",3
"Scandinavian","Sandwich",4
"Scandinavian","Scone",4
"Scandinavian","Soup",3
"Scandinavian","Tartine",1
"Scandinavian","Tea",9
"Scandinavian","Toast",4
"Scandinavian","Truffles",4
"Scandinavian","Vegan mincepie",1
"Scandinavian","Victorian Sponge",1
"Scone","Alfajores",14
"Scone","Art Tray",1
"Scone","Baguette",4
"Scone","Bakewell",1
"Scone","Bread",97
"Scone","Brioche and salami",1
"Scone","Brownie",12
"Scone","Cake",46
"Scone","Chicken Stew",2
"Scone","Coffee",219
"Scone","Coke",5
"Scone","Cookies",19
"Scone","Crepes",1
"Scone","Farm House",4
"Scone","Focaccia",2
"Scone","Frittata",7
"Scone","Fudge",1
"Scone","Granola",1
"Scone","Hearty & Seasonal",2
"Scone","Hot chocolate",30
"Scone","Jam",2
"Scone","Jammie Dodgers",4
"Scone","Juice",19
"Scone","Lemon and coconut",1
"Scone","Medialuna",15
"Scone","Mineral water",7
"Scone","Muffin",7
"Scone","Nomad bag",1
"Scone","Pastry",24
"Scone","Salad",2
"Scone","Sandwich",19
"Scone","Scandinavian",4
"Scone","Smoothies",2
"Scone","Soup",12
"Scone","Spanish Brunch",6
"Scone","Tea",89
"Scone","The Nomad",4
"Scone","Tiffin",7
"Scone","Toast",7
"Scone","Truffles",8
"Smoothies","Afternoon with the baker",1
"Smoothies","Alfajores",4
"Smoothies","Bakewell",1
"Smoothies","Bread",26
"Smoothies","Brownie",4
"Smoothies","Cake",17
"Smoothies","Chicken Stew",2
"Smoothies","Coffee",44
"Smoothies","Coke",2
"Smoothies","Cookies",7
"Smoothies","Crisps",1
"Smoothies","Farm House",1
"Smoothies","Frittata",2
"Smoothies","Fudge",1
"Smoothies","Granola",1
"Smoothies","Hearty & Seasonal",6
"Smoothies","Hot chocolate",10
"Smoothies","Jam",1
"Smoothies","Jammie Dodgers",4
"Smoothies","Juice",6
"Smoothies","Keeping It Local",1
"Smoothies","Medialuna",2
"Smoothies","Mineral water",2
"Smoothies","Muffin",8
"Smoothies","Pastry",4
"Smoothies","Pick and Mix Bowls",1
"Smoothies","Salad",2
"Smoothies","Sandwich",19
"Smoothies","Scone",2
"Smoothies","Soup",7
"Smoothies","Spanish Brunch",9
"Smoothies","Tea",9
"Smoothies","The Nomad",2
"Smoothies","Tiffin",2
"Smoothies","Toast",4
"Smoothies","Truffles",1
"Soup","Afternoon with the baker",1
"Soup","Alfajores",7
"Soup","Art Tray",7
"Soup","Bakewell",2
"Soup","Bowl Nic Pitt",1
"Soup","Bread",78
"Soup","Bread Pudding",1
"Soup","Brownie",15
"Soup","Cake",53
"Soup","Chicken Stew",15
"Soup","Coffee",201
"Soup","Coke",15
"Soup","Cookies",13
"Soup","Duck egg",1
"Soup","Empanadas",1
"Soup","Extra Salami or Feta",2
"Soup","Farm House",6
"Soup","Focaccia",2
"Soup","Frittata",4
"Soup","Fudge",1
"Soup","Hearty & Seasonal",12
"Soup","Hot chocolate",9
"Soup","Jam",5
"Soup","Juice",17
"Soup","Keeping It Local",1
"Soup","Kids biscuit",1
"Soup","Medialuna",8
"Soup","Mighty Protein",1
"Soup","Mineral water",21
"Soup","Muffin",12
"Soup","My-5 Fruit Shoot",1
"Soup","Pastry",10
"Soup","Pick and Mix Bowls",1
"Soup","Salad",13
"Soup","Sandwich",53
"Soup","Scandinavian",3
"Soup","Scone",12
"Soup","Smoothies",7
"Soup","Spanish Brunch",11
"Soup","Tea",109
"Soup","The Nomad",1
"Soup","Tiffin",2
"Soup","Toast",3
"Soup","Truffles",17
"Soup","Victorian Sponge",1
"Spanish Brunch","Afternoon with the baker",2
"Spanish Brunch","Alfajores",10
"Spanish Brunch","Art Tray",4
"Spanish Brunch","Baguette",3
"Spanish Brunch","Bakewell",1
"Spanish Brunch","Bare Popcorn",1
"Spanish Brunch","Bread",49
"Spanish Brunch","Brownie",5
"Spanish Brunch","Cake",23
"Spanish Brunch","Chicken Stew",11
"Spanish Brunch","Christmas common",1
"Spanish Brunch","Coffee",129
"Spanish Brunch","Coke",6
"Spanish Brunch","Cookies",8
"Spanish Brunch","Duck egg",6
"Spanish Brunch","Extra Salami or Feta",8
"Spanish Brunch","Farm House",4
"Spanish Brunch","Fudge",2
"Spanish Brunch","Granola",2
"Spanish Brunch","Hot chocolate",9
"Spanish Brunch","Jam",3
"Spanish Brunch","Jammie Dodgers",2
"Spanish Brunch","Juice",27
"Spanish Brunch","Medialuna",8
"Spanish Brunch","Mineral water",4
"Spanish Brunch","Muffin",3
"Spanish Brunch","Nomad bag",1
"Spanish Brunch","Pastry",4
"Spanish Brunch","Salad",12
"Spanish Brunch","Sandwich",19
"Spanish Brunch","Scone",6
"Spanish Brunch","Smoothies",9
"Spanish Brunch","Soup",11
"Spanish Brunch","Tea",54
"Spanish Brunch","The Nomad",9
"Spanish Brunch","Tiffin",2
"Spanish Brunch","Toast",10
"Spanish Brunch","Truffles",17
"Spread","Bread",1
"Spread","Fudge",1
"Spread","Jam",1
"Tacos/Fajita","Alfajores",1
"Tacos/Fajita","Bread",3
"Tacos/Fajita","Cake",3
"Tacos/Fajita","Coffee",5
"Tacos/Fajita","Coke",2
"Tacos/Fajita","Honey",1
"Tacos/Fajita","Juice",3
"Tacos/Fajita","Muffin",1
"Tacos/Fajita","Tea",3
"Tacos/Fajita","Toast",1
"Tacos/Fajita","Truffles",2
"Tartine","Alfajores",1
"Tartine","Art Tray",1
"Tartine","Bread",8
"Tartine","Brownie",2
"Tartine","Cake",1
"Tartine","Coffee",34
"Tartine","Coke",1
"Tartine","Cookies",2
"Tartine","Farm House",1
"Tartine","Fudge",1
"Tartine","Hearty & Seasonal",1
"Tartine","Hot chocolate",2
"Tartine","Jam",4
"Tartine","Juice",4
"Tartine","Medialuna",2
"Tartine","Mighty Protein",1
"Tartine","Mineral water",2
"Tartine","Muffin",2
"Tartine","My-5 Fruit Shoot",1
"Tartine","Pastry",3
"Tartine","Pick and Mix Bowls",3
"Tartine","Sandwich",2
"Tartine","Scandinavian",1
"Tartine","Tea",10
"Tartine","The Nomad",1
"Tea","Afternoon with the baker",3
"Tea","Alfajores",73
"Tea","Argentina Night",2
"Tea","Art Tray",13
"Tea","Baguette",3
"Tea","Bakewell",13
"Tea","Bread",304
"Tea","Brioche and salami",2
"Tea","Brownie",71
"Tea","Cake",269
"Tea","Caramel bites",1
"Tea","Chicken Stew",36
"Tea","Chicken sand",1
"Tea","Chocolates",4
"Tea","Christmas common",1
"Tea","Coffee",546
"Tea","Coke",21
"Tea","Cookies",101
"Tea","Duck egg",7
"Tea","Eggs",1
"Tea","Ella's Kitchen Pouches",4
"Tea","Empanadas",2
"Tea","Extra Salami or Feta",6
"Tea","Farm House",15
"Tea","Focaccia",6
"Tea","Frittata",19
"Tea","Fudge",15
"Tea","Gingerbread syrup",1
"Tea","Granola",7
"Tea","Hack the stack",1
"Tea","Hearty & Seasonal",22
"Tea","Honey",2
"Tea","Hot chocolate",83
"Tea","Jam",14
"Tea","Jammie Dodgers",26
"Tea","Juice",75
"Tea","Keeping It Local",17
"Tea","Kids biscuit",1
"Tea","Lemon and coconut",2
"Tea","Medialuna",89
"Tea","Mighty Protein",3
"Tea","Mineral water",12
"Tea","Muesli",2
"Tea","Muffin",66
"Tea","My-5 Fruit Shoot",1
"Tea","Pastry",100
"Tea","Pick and Mix Bowls",1
"Tea","Polenta",1
"Tea","Raspberry shortbread sandwich",2
"Tea","Raw bars",2
"Tea","Salad",21
"Tea","Sandwich",157
"Tea","Scandinavian",9
"Tea","Scone",89
"Tea","Smoothies",9
"Tea","Soup",109
"Tea","Spanish Brunch",54
"Tea","Tacos/Fajita",3
"Tea","Tartine",10
"Tea","The Nomad",21
"Tea","Tiffin",34
"Tea","Toast",66
"Tea","Truffles",29
"Tea","Vegan Feast",1
"Tea","Vegan mincepie",7
"Tea","Victorian Sponge",4
"The BART","Bread",1
"The Nomad","Afternoon with the baker",1
"The Nomad","Alfajores",1
"The Nomad","Art Tray",1
"The Nomad","Bread",20
"The Nomad","Brownie",2
"The Nomad","Cake",8
"The Nomad","Chicken Stew",2
"The Nomad","Coffee",40
"The Nomad","Coke",1
"The Nomad","Cookies",3
"The Nomad","Duck egg",1
"The Nomad","Farm House",1
"The Nomad","Frittata",1
"The Nomad","Fudge",2
"The Nomad","Granola",1
"The Nomad","Hot chocolate",3
"The Nomad","Jam",1
"The Nomad","Juice",5
"The Nomad","Medialuna",4
"The Nomad","Muesli",1
"The Nomad","Muffin",2
"The Nomad","Pastry",6
"The Nomad","Sandwich",3
"The Nomad","Scone",4
"The Nomad","Smoothies",2
"The Nomad","Soup",1
"The Nomad","Spanish Brunch",9
"The Nomad","Tartine",1
"The Nomad","Tea",21
"The Nomad","Tiffin",3
"The Nomad","Toast",1
"The Nomad","Truffles",4
"Tiffin","Alfajores",8
"Tiffin","Bread",52
"Tiffin","Brownie",6
"Tiffin","Cake",23
"Tiffin","Chicken Stew",4
"Tiffin","Chocolates",1
"Tiffin","Coffee",98
"Tiffin","Coke",4
"Tiffin","Cookies",12
"Tiffin","Ella's Kitchen Pouches",1
"Tiffin","Farm House",3
"Tiffin","Granola",1
"Tiffin","Half slice Monster",1
"Tiffin","Hearty & Seasonal",1
"Tiffin","Hot chocolate",14
"Tiffin","Jammie Dodgers",11
"Tiffin","Juice",9
"Tiffin","Medialuna",7
"Tiffin","Mineral water",4
"Tiffin","Muffin",6
"Tiffin","Pastry",7
"Tiffin","Salad",2
"Tiffin","Sandwich",12
"Tiffin","Scone",7
"Tiffin","Smoothies",2
"Tiffin","Soup",2
"Tiffin","Spanish Brunch",2
"Tiffin","Tea",34
"Tiffin","The Nomad",3
"Tiffin","Toast",6
"Tiffin","Truffles",5
"Tiffin","Vegan mincepie",2
"Toast","Alfajores",6
"Toast","Art Tray",2
"Toast","Baguette",4
"Toast","Bakewell",3
"Toast","Bread",77
"Toast","Brownie",7
"Toast","Cake",22
"Toast","Cherry me Dried fruit",1
"Toast","Chicken Stew",5
"Toast","Coffee",296
"Toast","Coke",5
"Toast","Cookies",24
"Toast","Duck egg",1
"Toast","Extra Salami or Feta",6
"Toast","Farm House",6
"Toast","Frittata",2
"Toast","Fudge",2
"Toast","Granola",3
"Toast","Hot chocolate",33
"Toast","Jam",1
"Toast","Jammie Dodgers",1
"Toast","Juice",22
"Toast","Medialuna",18
"Toast","Mineral water",4
"Toast","Muffin",6
"Toast","Pastry",16
"Toast","Salad",5
"Toast","Sandwich",20
"Toast","Scandinavian",4
"Toast","Scone",7
"Toast","Smoothies",4
"Toast","Soup",3
"Toast","Spanish Brunch",10
"Toast","Tacos/Fajita",1
"Toast","Tea",66
"Toast","The Nomad",1
"Toast","Tiffin",6
"Toast","Truffles",3
"Toast","Vegan mincepie",2
"Truffles","Afternoon with the baker",1
"Truffles","Alfajores",11
"Truffles","Art Tray",2
"Truffles","Baguette",3
"Truffles","Bakewell",1
"Truffles","Bread",51
"Truffles","Brownie",11
"Truffles","Cake",26
"Truffles","Chicken Stew",10
"Truffles","Christmas common",1
"Truffles","Coffee",77
"Truffles","Coke",12
"Truffles","Cookies",7
"Truffles","Crisps",3
"Truffles","Duck egg",2
"Truffles","Ella's Kitchen Pouches",1
"Truffles","Extra Salami or Feta",2
"Truffles","Farm House",2
"Truffles","Frittata",5
"Truffles","Fudge",3
"Truffles","Hearty & Seasonal",4
"Truffles","Hot chocolate",8
"Truffles","Jam",1
"Truffles","Jammie Dodgers",4
"Truffles","Juice",19
"Truffles","Medialuna",12
"Truffles","Mineral water",11
"Truffles","Muffin",5
"Truffles","Pastry",16
"Truffles","Salad",7
"Truffles","Sandwich",45
"Truffles","Scandinavian",4
"Truffles","Scone",8
"Truffles","Smoothies",1
"Truffles","Soup",17
"Truffles","Spanish Brunch",17
"Truffles","Tacos/Fajita",2
"Truffles","Tea",29
"Truffles","The Nomad",4
"Truffles","Tiffin",5
"Truffles","Toast",3
"Truffles","Tshirt",1
"Truffles","Vegan mincepie",1
"Tshirt","Bread",1
"Tshirt","Coffee",1
"Tshirt","Coke",1
"Tshirt","Fudge",1
"Tshirt","Hot chocolate",1
"Tshirt","Nomad bag",1
"Tshirt","Postcard",6
"Tshirt","Truffles",1
"Tshirt","Valentine's card",2
"Valentine's card","Cake",1
"Valentine's card","Postcard",1
"Valentine's card","Salad",1
"Valentine's card","Tshirt",2
"Vegan Feast","Argentina Night",1
"Vegan Feast","Bread",1
"Vegan Feast","Brownie",1
"Vegan Feast","Cake",3
"Vegan Feast","Coffee",3
"Vegan Feast","Cookies",2
"Vegan Feast","Hot chocolate",1
"Vegan Feast","Jammie Dodgers",1
"Vegan Feast","Muffin",1
"Vegan Feast","Pastry",1
"Vegan Feast","Tea",1
"Vegan mincepie","Alfajores",3
"Vegan mincepie","Baguette",1
"Vegan mincepie","Bread",17
"Vegan mincepie","Brownie",3
"Vegan mincepie","Cake",13
"Vegan mincepie","Coffee",41
"Vegan mincepie","Cookies",3
"Vegan mincepie","Frittata",1
"Vegan mincepie","Hot chocolate",10
"Vegan mincepie","Jammie Dodgers",5
"Vegan mincepie","Juice",5
"Vegan mincepie","Medialuna",2
"Vegan mincepie","Mineral water",3
"Vegan mincepie","Pastry",3
"Vegan mincepie","Sandwich",2
"Vegan mincepie","Scandinavian",1
"Vegan mincepie","Tea",7
"Vegan mincepie","Tiffin",2
"Vegan mincepie","Toast",2
"Vegan mincepie","Truffles",1
"Victorian Sponge","Alfajores",1
"Victorian Sponge","Bread",2
"Victorian Sponge","Cake",1
"Victorian Sponge","Hot chocolate",1
"Victorian Sponge","Scandinavian",1
"Victorian Sponge","Soup",1
"Victorian Sponge","Tea",4
